{
  "hash": "121fa3b9",
  "browserHash": "5ea79548",
  "optimized": {
    "@angular/common": {
      "src": "../../../../../node_modules/@angular/common/fesm2022/common.mjs",
      "file": "@angular_common.js",
      "fileHash": "2966b279",
      "needsInterop": false
    },
    "@angular/common/http": {
      "src": "../../../../../node_modules/@angular/common/fesm2022/http.mjs",
      "file": "@angular_common_http.js",
      "fileHash": "6a74846c",
      "needsInterop": false
    },
    "@angular/core": {
      "src": "../../../../../node_modules/@angular/core/fesm2022/core.mjs",
      "file": "@angular_core.js",
      "fileHash": "78d18470",
      "needsInterop": false
    },
    "@angular/forms": {
      "src": "../../../../../node_modules/@angular/forms/fesm2022/forms.mjs",
      "file": "@angular_forms.js",
      "fileHash": "2341cbbb",
      "needsInterop": false
    },
    "@angular/platform-browser": {
      "src": "../../../../../node_modules/@angular/platform-browser/fesm2022/platform-browser.mjs",
      "file": "@angular_platform-browser.js",
      "fileHash": "ea18dfa8",
      "needsInterop": false
    },
    "@angular/router": {
      "src": "../../../../../node_modules/@angular/router/fesm2022/router.mjs",
      "file": "@angular_router.js",
      "fileHash": "d0012f37",
      "needsInterop": false
    },
    "node-forge": {
      "src": "../../../../../node_modules/node-forge/lib/index.js",
      "file": "node-forge.js",
      "fileHash": "c4b80a0b",
      "needsInterop": true
    }
  },
  "chunks": {
    "chunk-GV3PXJVU": {
      "file": "chunk-GV3PXJVU.js"
    },
    "chunk-MO6FNQCD": {
      "file": "chunk-MO6FNQCD.js"
    },
    "chunk-HNH4QYB6": {
      "file": "chunk-HNH4QYB6.js"
    },
    "chunk-DXKJM345": {
      "file": "chunk-DXKJM345.js"
    },
    "chunk-OXCW2X5T": {
      "file": "chunk-OXCW2X5T.js"
    }
  }
}